{"time":"07.00:00:05","minutes":10080.08301,"events":1246962,"avr_cpm":123.7055289,"data":[0,0,0,0,0,0,0,0,0,0,0,0,0,0,0,0,0,0,0,0,0,0,0,0,0,0,0,0,0,0,0,0,0,0,0,0,0,0,0,0,0,0,0,0,0,0,0,0,0,0,0,0,0,0,0,0,0,0,0,0,0,0,0,0,0,0,0,0,0,0,0,0,0,0,0,0,0,0,0,0,0,0,0,0,0,0,0,0,0,0,0,0,0,0,0,0,0,0,0,0,0,0,0,0,1,0,0,0,0,0,1,0,1,0,1,1,1,0,0,0,1,0,0,0,2,4,3,1,1,2,2,2,5,2,5,6,2,2,3,3,4,3,4,4,6,2,3,6,5,1,4,7,13,7,8,12,13,11,16,24,12,24,21,36,41,59,59,91,97,223,171,108,70,49,47,46,57,39,47,76,85,111,151,125,132,104,75,100,73,65,55,60,47,39,46,48,41,23,25,30,24,21,20,26,30,13,27,25,25,16,26,24,25,20,23,12,36,30,21,25,32,30,29,38,31,40,25,46,43,39,39,38,46,45,35,28,37,30,34,31,21,13,18,28,28,24,43,26,36,25,23,33,32,27,24,30,20,29,24,35,28,30,32,29,21,22,20,39,25,26,28,33,24,17,30,37,32,28,41,43,33,46,47,77,91,130,215,434,406,753,741,1093,1274,1505,1447,1892,1652,1980,1471,1731,1836,1808,1454,1994,1817,1530,1435,1396,1537,1278,1692,1739,1553,1609,1324,1696,1656,1588,1428,1866,1515,1487,1394,1796,1449,1405,1554,1580,1414,1612,1234,1804,1503,1429,1454,1664,1619,1288,1497,1611,1540,1204,1601,1277,1563,1497,1204,1723,1440,1297,1463,1647,1498,1567,1222,1608,1497,1570,1379,1506,1426,1638,1256,1486,1588,1563,1299,1633,1693,1294,1437,1496,1507,1270,1658,1502,1564,1541,1288,1692,1469,1451,1503,1622,1454,1500,1331,1714,1370,1519,1538,1748,1218,1678,1276,1833,1364,1631,1452,1880,1685,1279,1643,1652,1622,1222,1843,1514,1438,1485,1475,1869,1599,1432,1534,2074,1494,1721,1365,1599,1494,1831,1513,1779,1550,1873,1270,1594,1752,1875,1379,1765,1720,1377,1653,1597,1770,1307,1876,1734,1472,1742,1482,1889,1621,1656,1616,1908,1598,1514,1557,1984,1491,1574,1792,1446,1713,1676,1506,1998,1610,1590,1764,1693,2027,1438,1719,1882,1658,1353,1920,1198,1916,1642,1510,2018,1696,1507,1798,1949,1720,1781,1433,1680,1688,1719,1594,1658,1795,1837,1375,1706,1811,1958,1544,1787,1884,1476,1750,1721,1770,1356,1854,1523,1773,1759,1503,1918,1661,1721,1702,2497,1249,1710,1477,1958,1350,1826,1577,1938,1300,1853,1335,2107,1386,1847,1484,2350,1549,1258,1951,1704,1773,1131,2083,1628,1478,1517,1443,2055,1501,1529,1698,2329,1168,1828,1315,1487,1561,1956,1371,1691,1583,1927,1121,1471,1668,2045,1294,2092,1514,1356,1703,1419,1730,1333,1861,1585,1391,1674,1306,1712,1458,1688,1398,1770,1639,1414,1432,1891,1300,1482,1560,1288,1449,1509,1278,2016,1301,1401,1487,1621,1729,1194,1588,1657,1362,1113,1711,1040,1612,1342,1343,2032,1258,1290,1507,1715,1277,1515,1233,1368,1353,1542,1351,1245,1447,1539,1127,1350,1418,1696,1202,1552,1468,1120,1476,1227,1489,1104,1667,1150,1327,1322,1202,1584,1160,1361,1265,1614,1180,1285,1202,1479,989,1426,1192,1485,935,1353,1022,1740,953,1491,1110,1681,1234,892,1465,1286,1270,860,1584,1166,974,1177,1104,1603,932,1215,1216,1742,930,1334,960,1091,1090,1448,977,1242,1135,1362,888,1125,1189,1533,945,1452,1151,927,1287,1010,1242,821,1359,1124,928,1190,927,1329,1002,1199,1049,1151,1356,979,1022,1348,892,1042,1101,832,1068,1095,942,1496,901,1025,1103,1086,1305,729,1178,1182,1011,814,1201,609,1112,978,941,1421,852,912,1085,1256,933,1016,796,910,923,1162,896,897,1079,1089,746,940,1020,1204,818,1180,1051,731,1127,875,958,776,1116,789,902,952,840,1154,761,978,877,1280,852,922,864,1026,671,1078,799,1026,637,985,646,1192,611,1096,758,1320,852,540,1028,811,983,545,1112,906,642,786,816,1171,658,830,876,1142,679,980,619,706,756,1104,612,830,743,976,567,691,781,1153,547,1120,742,594,881,610,857,681,930,815,645,843,649,853,647,874,686,861,981,720,725,855,597,761,722,579,729,697,589,1015,559,764,703,746,879,492,833,716,722,541,830,499,684,616,649,1017,563,677,717,797,691,746,571,557,616,861,558,610,691,782,491,662,642,905,468,816,723,494,760,478,704,510,837,629,581,633,524,793,522,728,588,747,575,566,600,756,427,672,590,675,448,576,434,862,366,738,499,821,646,370,759,524,582,473,790,568,451,535,528,812,403,611,619,777,543,612,471,436,507,800,443,538,590,669,372,508,531,776,425,674,591,354,683,377,579,480,726,527,401,529,470,660,446,656,459,642,622,418,533,630,396,504,497,335,602,500,466,716,412,525,473,458,687,344,609,498,500,417,577,300,626,428,472,752,386,470,518,617,479,521,438,381,461,633,449,363,545,579,350,458,447,612,354,520,493,324,595,391,461,406,573,394,475,385,408,647,401,521,434,610,418,397,447,559,314,558,429,494,324,424,333,718,269,535,337,667,394,249,646,360,469,276,641,416,327,370,414,639,296,453,458,681,264,441,346,305,429,645,374,398,434,535,281,356,368,632,270,624,318,271,498,251,473,367,589,437,334,348,343,472,341,468,380,652,319,300,391,517,338,401,422,296,444,350,335,637,311,375,380,404,522,247,459,471,374,318,466,284,441,341,380,623,295,377,442,563,343,352,335,341,374,524,337,267,380,455,271,385,359,512,282,469,412,265,481,312,363,314,503,310,339,345,324,545,303,422,357,382,498,349,353,459,274,414,307,402,240,304,268,643,226,411,310,475,401,217,507,340,305,229,536,355,270,280,333,575,245,321,398,551,277,399,276,253,298,467,283,360,322,379,191,386,327,535,271,463,294,250,465,245,346,285,500,364,242,283,315,480,244,386,334,488,292,239,373,413,243,313,294,202,383,253,290,516,246,284,292,276,467,199,418,359,309,233,400,181,386,265,310,510,283,250,377,441,298,296,241,270,297,432,284,261,365,393,198,333,323,471,257,394,351,205,402,250,344,260,385,246,294,258,276,440,243,339,332,337,358,300,284,364,189,365,267,371,203,257,203,534,154,364,218,480,242,150,409,254,318,194,459,309,209,196,295,443,198,271,298,440,241,316,182,185,267,430,204,257,247,388,159,273,269,456,199,422,231,180,376,161,330,276,414,304,202,250,213,356,230,342,288,393,266,192,248,303,228,267,230,191,305,242,228,476,180,238,224,276,346,159,319,249,232,206,326,188,272,195,252,448,233,201,306,366,250,254,176,205,237,379,184,199,290,288,140,264,232,328,160,322,240,143,301,211,261,204,320,222,191,194,188,377,246,270,206,226,355,230,201,257,178,287,222,235,165,172,180,409,141,301,192,349,232,131,309,206,205,182,349,265,154,118,205,380,160,190,263,304,205,238,162,189,198,324,172,210,230,247,104,261,209,334,147,291,188,130,270,154,220,179,334,251,128,158,164,341,172,262,224,340,222,133,216,262,181,197,185,127,259,163,175,384,170,174,147,180,336,127,268,238,220,159,258,97,252,143,189,392,154,135,239,297,184,191,145,164,194,288,154,160,248,219,125,215,198,302,134,237,240,141,227,153,200,143,268,146,162,116,153,306,160,206,220,341,180,166,162,244,139,237,159,197,160,151,100,365,136,229,130,288,150,87,251,163,157,116,274,214,145,92,165,328,123,143,210,340,153,188,106,120,183,319,132,124,209,214,61,159,191,291,125,314,143,131,238,101,178,163,260,201,130,167,118,247,143,209,131,254,238,119,172,252,137,172,124,105,212,128,135,310,115,155,142,182,216,83,226,209,159,103,217,108,198,116,162,319,117,138,177,270,178,156,101,127,165,237,114,111,199,193,85,191,177,267,96,224,173,112,178,115,174,144,211,141,158,127,143,258,123,190,136,160,235,163,158,222,107,180,145,173,127,119,94,316,99,192,119,215,168,77,215,135,165,113,268,158,99,68,147,332,104,128,159,296,161,146,81,118,134,255,141,121,186,176,57,165,147,243,97,239,103,91,177,109,158,157,219,166,113,105,113,231,109,152,129,159,253,106,151,212,107,140,104,86,186,122,130,312,117,126,97,172,230,98,194,175,120,88,143,86,199,97,133,319,111,102,151,223,163,113,93,134,134,219,87,97,165,173,92,175,151,197,106,200,145,76,167,125,147,118,186,131,143,99,110,228,111,144,141,214,156,143,91,179,88,184,124,159,106,104,75,272,81,179,79,228,144,73,169,124,147,94,267,156,89,82,103,268,116,111,155,265,138,140,61,82,147,253,89,101,168,139,61,146,156,259,63,212,99,82,159,81,163,147,203,136,106,95,85,209,105,180,103,175,203,115,132,176,110,159,87,107,151,104,107,291,124,116,85,148,204,71,177,165,125,82,140,103,187,87,109,294,121,101,122,164,142,150,77,104,133,231,85,91,166,136,71,153,125,218,101,162,137,84,147,95,121,117,190,122,138,89,65,232,101,138,100,165,198,118,111,167,94,118,123,139,117,79,70,273,83,161,74,159,133,64,187,111,136,85,197,151,119,78,84,260,74,116,136,215,142,98,68,99,157,199,90,83,176,118,44,143,145,225,92,196,126,57,143,79,111,115,207,142,70,88,76,211,72,157,106,163,197,80,126,177,93,102,71,73,199,79,100,