{"time":"05.00:00:04","minutes":7200.066895,"events":891733,"avr_cpm":123.8506549,"data":[0,0,0,0,0,0,0,0,0,0,0,0,0,0,0,0,0,0,0,0,0,0,0,0,0,0,0,0,0,0,0,0,0,0,0,0,0,0,0,0,0,0,0,0,0,0,0,0,0,0,0,0,0,0,0,0,0,0,0,0,0,0,0,0,0,0,0,0,0,0,0,0,0,0,0,0,0,0,0,0,0,0,0,0,0,0,0,0,0,0,0,0,0,0,0,0,0,0,0,0,0,0,0,0,1,0,0,0,0,0,1,0,1,0,1,1,1,0,0,0,1,0,0,0,0,3,3,1,0,1,1,2,4,2,4,3,2,1,1,2,4,2,3,3,6,2,3,5,2,1,3,6,11,5,7,9,8,8,12,15,8,17,17,24,30,44,48,65,70,155,119,85,59,35,41,34,39,30,31,52,62,71,107,102,103,79,57,80,53,44,43,43,42,32,37,44,29,18,21,21,15,17,16,23,24,13,20,16,15,10,17,15,21,11,15,10,26,24,16,14,25,22,24,28,15,31,20,27,30,23,25,31,39,35,27,20,29,22,24,23,16,12,12,20,25,17,31,16,27,17,15,25,19,19,16,21,11,23,19,28,20,20,25,21,18,19,16,31,20,23,23,28,16,13,23,29,25,22,32,27,28,34,35,54,81,106,185,352,313,567,572,803,951,1113,1066,1423,1262,1454,1053,1234,1332,1306,1044,1419,1305,1111,1038,998,1093,902,1208,1256,1119,1184,939,1231,1159,1122,1012,1350,1095,1029,996,1246,1037,994,1086,1114,1007,1150,894,1315,1100,1034,1059,1197,1156,918,1026,1170,1112,853,1120,920,1137,1023,870,1218,1048,925,1040,1158,1052,1156,875,1164,1048,1109,1000,1051,987,1193,911,1083,1116,1121,914,1164,1216,933,1027,1073,1091,916,1230,1068,1119,1113,892,1189,1060,1026,1051,1144,1023,1097,921,1211,970,1103,1106,1261,859,1211,907,1296,988,1133,1038,1346,1244,929,1151,1180,1173,836,1344,1085,1030,1054,1053,1355,1137,1033,1093,1485,1071,1245,981,1176,1066,1286,1090,1273,1123,1338,940,1133,1240,1340,985,1255,1237,1009,1166,1135,1248,935,1301,1230,1054,1192,1034,1328,1161,1174,1168,1356,1119,1073,1103,1377,1052,1087,1278,987,1220,1196,1098,1409,1158,1098,1249,1207,1467,995,1237,1346,1210,964,1382,869,1343,1164,1069,1443,1229,1088,1273,1392,1231,1287,1008,1158,1212,1209,1121,1187,1275,1297,973,1251,1284,1382,1088,1293,1352,1039,1263,1258,1228,945,1305,1033,1285,1268,1059,1334,1203,1233,1226,1800,903,1234,1041,1380,958,1315,1115,1382,927,1298,961,1499,978,1320,1091,1686,1101,923,1379,1224,1265,784,1440,1151,1072,1107,1008,1488,1082,1084,1221,1649,831,1312,927,1032,1113,1412,989,1209,1128,1388,798,1053,1183,1454,941,1495,1094,974,1203,1038,1244,970,1327,1139,1014,1205,936,1232,1050,1194,1021,1250,1152,1023,1031,1342,928,1052,1065,924,1022,1078,917,1471,943,972,1051,1154,1251,866,1122,1163,991,805,1206,722,1149,974,976,1423,929,918,1052,1243,935,1094,888,1000,975,1094,988,876,1028,1113,805,958,1004,1201,869,1111,1030,822,1051,881,1089,779,1164,838,945,943,831,1145,803,953,899,1162,845,915,849,1064,708,1028,855,1067,651,944,731,1216,685,1080,798,1189,889,657,1055,928,906,612,1107,818,684,838,800,1132,677,867,858,1255,666,1016,669,787,733,1042,708,913,809,983,651,831,834,1106,671,1035,818,689,926,725,897,592,974,796,687,847,675,958,709,845,740,799,949,699,719,965,631,726,799,603,763,786,683,1087,635,706,782,778,972,537,847,860,722,588,870,424,786,709,665,1001,616,667,773,939,679,724,566,629,625,860,653,609,754,784,553,674,758,862,594,868,748,515,815,642,702,548,789,563,635,696,589,843,552,711,636,900,626,667,631,753,501,751,594,720,449,726,466,860,421,765,558,941,614,374,718,583,732,396,799,659,472,578,591,835,479,597,624,844,479,689,450,525,544,736,456,613,556,725,399,508,539,852,391,793,528,437,621,448,603,479,676,571,451,594,461,596,461,623,502,627,714,522,506,613,420,523,525,410,520,505,432,727,424,529,524,541,634,358,602,502,499,385,605,361,475,432,463,703,395,502,504,571,477,520,407,390,450,598,398,447,507,552,363,478,443,651,351,559,535,347,552,343,514,369,612,460,416,438,369,599,359,521,406,527,409,387,435,555,305,471,423,494,316,421,311,610,262,523,334,593,480,270,543,361,419,313,581,404,321,388,379,559,286,435,439,565,394,420,339,318,352,572,319,403,429,496,255,366,377,549,313,479,403,256,494,254,402,345,527,377,295,381,348,469,311,455,316,446,450,290,388,466,276,346,366,244,411,360,327,531,290,394,349,323,487,248,429,359,355,315,408,209,468,304,342,562,282,336,359,439,328,383,319,269,322,465,319,269,389,411,255,336,305,442,238,364,340,221,432,270,308,310,414,296,336,272,293,467,285,354,321,441,309,278,316,409,234,403,310,362,216,294,251,498,187,405,237,481,274,177,450,271,332,205,442,293,232,279,294,460,206,331,318,499,186,323,250,218,309,450,277,284,313,379,191,258,264,452,196,455,222,189,356,186,336,249,406,321,242,254,248,347,252,343,261,477,220,213,291,363,253,286,298,216,317,243,237,451,219,280,272,287,355,175,326,345,267,227,331,206,318,239,264,459,206,280,309,400,249,249,244,246,252,364,256,199,286,321,202,286,256,366,207,323,279,195,357,229,268,228,359,214,248,247,230,372,203,307,259,278,361,254,250,344,198,292,220,280,171,215,198,468,169,287,230,349,294,145,351,231,209,169,355,237,202,194,229,406,170,220,289,410,186,292,191,179,204,326,206,255,235,262,140,277,226,389,204,325,208,191,322,190,251,213,350,254,174,207,214,349,173,281,246,345,218,165,268,295,177,233,226,145,266,175,210,355,182,202,208,193,349,141,284,256,220,161,294,130,270,190,223,373,196,172,270,324,205,210,163,189,218,313,188,188,240,290,143,227,216,346,173,284,238,144,286,191,253,181,276,185,202,186,197,321,172,230,236,242,242,213,210,277,145,270,189,264,142,185,143,367,109,257,158,329,164,105,282,188,237,140,322,217,158,142,205,304,142,200,207,306,164,217,133,124,180,294,149,195,172,269,106,197,183,340,143,303,166,126,258,119,241,202,287,231,154,174,151,253,166,248,198,283,196,143,176,230,163,191,170,135,230,164,155,333,127,174,167,202,234,101,223,181,161,146,239,128,183,143,187,322,170,156,216,265,182,180,122,144,167,270,134,141,212,207,91,190,155,230,110,239,181,94,221,152,180,153,229,165,133,133,130,262,174,190,159,168,243,171,137,199,131,194,154,165,121,125,135,290,96,210,131,247,149,96,219,149,147,136,249,193,109,83,151,286,112,137,200,213,154,174,107,130,130,227,125,157,171,163,79,174,143,223,110,192,134,96,182,109,168,125,238,182,93,114,117,244,109,192,155,225,163,97,158,198,120,146,134,92,188,112,116,302,124,116,103,121,237,91,207,177,158,115,197,68,191,106,127,276,117,95,167,217,131,137,96,118,135,210,102,106,169,157,97,153,142,217,105,168,167,106,155,104,136,104,195,111,117,83,103,212,122,139,159,250,132,114,119,180,96,169,125,147,102,115,76,283,105,172,90,205,108,64,176,114,115,69,198,148,100,59,123,245,88,93,151,241,109,132,80,83,126,223,94,85,154,145,45,109,140,204,99,201,113,89,165,70,112,118,200,143,90,109,86,165,101,148,98,184,165,83,128,188,93,124,94,79,141,94,94,225,85,114,106,128,148,53,153,138,114,79,156,78,139,74,127,221,79,94,122,190,121,110,76,94,116,171,80,80,153,146,63,131,122,196,66,163,108,88,123,88,126,94,149,106,116,87,105,186,90,142,98,116,169,119,117,164,80,124,109,132,88,88,55,228,66,142,75,162,118,62,155,100,128,79,201,126,65,54,105,246,71,92,113,219,127,114,47,89,101,182,103,80,137,124,41,126,96,169,69,172,71,68,119,88,113,111,162,130,84,77,83,165,85,116,90,103,174,76,107,147,75,99,73,67,143,88,96,224,83,101,67,132,175,68,136,125,84,58,102,61,142,68,91,243,78,71,112,157,124,75,76,91,105,162,75,72,122,120,65,132,102,150,74,144,104,55,130,89,106,84,127,90,104,66,78,166,76,106,106,156,107,104,65,138,61,121,91,115,74,81,60,194,58,121,60,169,107,44,129,89,98,64,200,106,67,56,68,194,85,82,114,194,95,95,47,57,102,185,63,74,119,107,40,115,112,185,38,161,70,55,114,54,115,101,147,99,71,81,62,158,78,125,88,130,151,84,98,133,78,114,65,78,108,69,80,199,98,83,66,117,140,46,125,126,86,57,100,65,141,66,80,221,92,79,92,117,95,111,55,72,102,164,61,76,123,97,50,112,77,149,73,105,85,56,105,66,83,84,140,95,91,58,41,168,70,96,65,108,144,90,79,126,70,83,97,95,93,51,48,198,58,112,56,106,100,43,122,80,91,58,148,116,84,53,62,184,48,78,95,144,100,76,48,76,120,131,62,62,116,90,33,105,100,169,63,136,83,40,99,56,83,80,153,106,53,63,51,145,48,111,71,121,135,54,87,130,57,78,51,56,136,62,75,194,93,67,48,62,144,57,107,115,84,53,85,44,128,53,75,205,96,42,65,141,107,68,61,97,73,129,50,53,109,92,41,105,93,128,61,123,103,48,86,61,64,66,117,73,86,59,61,150,55,70,56,97,133,100,48,106,59,101,65,89,92,62,40,164,58,98,43,132,52,36,100,72,81,55,123,90,63,41,66,159,58,61,90,150,78,64,40,36,71,147,49,48,80,114,33,86,91,