{"time":"05.00:03:13","minutes":7203.216797,"events":1341456,"avr_cpm":186.2301299,"data":[0,0,0,0,0,0,0,0,0,0,0,0,0,0,0,0,0,0,0,0,0,0,0,0,0,0,0,0,0,0,0,0,0,0,0,0,0,0,0,0,0,0,0,0,0,0,0,0,0,0,0,0,0,0,0,0,0,0,0,0,0,0,0,0,0,0,0,0,0,0,0,0,0,0,0,0,0,0,0,0,0,0,0,0,0,0,0,0,0,0,0,0,0,0,0,0,0,0,0,0,0,0,0,0,0,0,0,0,0,0,0,1,0,0,0,0,0,0,0,0,2,0,0,2,0,0,0,0,1,0,1,1,0,2,5,2,4,5,4,4,1,5,6,3,3,3,5,7,3,4,9,8,11,16,17,25,24,12,21,42,23,32,36,60,71,102,116,128,182,269,193,109,49,44,38,46,52,50,54,95,173,144,128,95,99,66,55,73,85,54,40,52,56,41,31,34,36,23,18,30,13,19,14,25,15,14,22,20,30,16,23,22,25,19,29,20,27,34,15,41,38,27,41,53,50,48,38,54,48,37,39,35,26,15,19,27,23,21,27,24,24,28,25,18,29,23,24,26,22,24,28,21,19,22,14,23,8,22,11,19,19,23,15,24,13,25,14,16,19,12,9,26,15,6,16,23,16,12,30,20,17,16,33,25,30,39,96,249,349,643,740,1411,1543,2110,2117,2683,2530,2954,2159,2674,2895,3058,2340,3195,2908,2361,2402,2331,2432,2000,2807,2662,2510,2641,2176,2643,2686,2471,2389,2955,2457,2376,2151,2814,2230,2184,2409,2485,2279,2482,2017,2875,2416,2279,2347,2678,2531,2046,2285,2571,2402,1887,2534,1957,2508,2230,1920,2708,2258,2031,2390,2411,2407,2365,1875,2377,2231,2422,2101,2356,2237,2410,1831,2315,2442,2510,2116,2461,2372,2068,2306,2384,2451,1892,2593,2171,2334,2324,1934,2436,2283,2303,2229,2495,2230,2240,1955,2637,2031,2363,2179,2650,1948,2438,1926,2923,2111,2439,2113,2735,2346,1876,2438,2392,2341,1666,2711,2264,2241,2289,2048,2722,2188,2139,2322,2813,2067,2479,1872,2263,2225,2479,2104,2500,2129,2539,1787,2169,2396,2548,2079,2505,2386,1830,2248,2090,2392,1797,2449,2271,2069,2217,1849,2426,2234,2250,2117,2615,2236,2097,2009,2541,1956,2076,2245,1935,2325,2193,1918,2669,2178,1952,2263,2140,2500,1748,2187,2347,2138,1679,2477,1394,2428,1991,1941,2636,2050,1726,2171,2309,2211,2201,1844,2032,2057,2192,1900,1928,2189,2192,1648,1954,2166,2223,1792,2083,2268,1551,2057,1932,2204,1683,2289,1728,1989,1886,1696,2183,1855,1961,1913,2773,1476,1852,1685,2147,1492,2053,1814,1978,1458,1933,1460,2368,1568,2049,1677,2418,1725,1310,2130,1805,1931,1190,2301,1749,1589,1717,1596,2218,1634,1672,1865,2488,1360,1994,1382,1567,1670,2053,1506,1819,1647,1964,1254,1420,1814,1995,1318,2141,1603,1405,1750,1459,1872,1343,1885,1565,1516,1638,1347,1727,1541,1676,1485,1837,1737,1438,1494,1811,1323,1470,1608,1231,1573,1513,1314,1978,1363,1519,1563,1569,1673,1195,1600,1629,1440,1134,1825,1050,1674,1324,1388,2026,1311,1250,1557,1784,1289,1480,1184,1314,1303,1622,1280,1232,1450,1461,1079,1361,1406,1567,1191,1498,1507,1073,1424,1344,1395,1083,1575,1074,1292,1357,1145,1501,1220,1298,1299,1446,1243,1224,1185,1424,936,1395,1218,1419,945,1340,950,1637,904,1448,1125,1616,1234,776,1419,1136,1295,774,1615,1184,946,1162,1103,1528,960,1059,1239,1637,888,1235,913,1009,1088,1377,931,1155,1012,1312,801,1003,1084,1382,876,1270,1045,815,1220,860,1167,859,1308,1022,880,1089,891,1196,905,1213,957,1075,1205,928,1063,1162,839,1031,1072,778,1059,915,855,1305,810,902,1022,971,1238,664,1093,1040,893,716,1212,581,1086,935,917,1329,745,838,1069,1114,832,927,787,806,965,1086,877,776,1019,989,729,918,927,1091,775,1010,1050,721,991,819,964,695,1045,704,883,831,832,1000,701,922,890,1160,723,852,794,944,591,958,754,914,591,961,614,1166,545,998,698,1159,753,520,1007,683,816,530,1009,825,572,743,700,1046,625,749,766,1007,612,878,590,593,689,992,600,733,700,941,499,676,713,1006,513,1030,681,507,805,516,760,572,866,740,572,718,618,756,578,834,627,741,884,631,683,780,523,707,666,535,695,614,593,910,514,722,620,697,839,449,759,680,600,483,799,468,635,561,596,919,510,611,689,714,653,668,472,503,560,810,562,530,634,661,429,569,621,821,450,695,600,437,691,459,605,479,748,539,493,544,530,736,462,657,536,697,478,539,558,611,397,679,505,592,404,563,420,799,359,667,481,757,581,322,707,425,563,373,748,511,378,458,467,740,402,523,558,725,450,565,439,393,502,661,428,456,521,608,334,480,486,706,369,612,548,333,634,381,534,401,584,481,396,482,421,561,384,555,422,541,524,417,481,529,387,488,444,298,579,426,384,725,379,468,452,404,650,322,585,505,444,330,531,247,584,345,433,714,358,388,453,544,465,418,392,389,427,564,363,352,521,483,321,402,445,573,351,481,505,320,495,322,460,344,555,309,468,378,372,527,343,484,417,570,391,351,387,464,294,511,395,451,301,334,330,645,248,506,327,581,447,236,554,351,405,266,609,425,252,278,366,616,278,353,432,625,252,405,276,268,395,566,315,367,378,445,260,337,384,627,242,518,325,275,485,219,429,343,505,411,279,349,305,442,335,431,349,643,297,230,366,415,277,378,377,256,386,307,326,575,276,370,356,348,488,264,451,357,356,263,423,219,451,294,358,579,288,313,384,454,304,328,330,292,361,463,312,284,403,382,259,330,357,461,282,391,426,220,418,212,344,280,464,267,308,284,308,486,262,375,297,342,429,303,293,379,210,391,313,366,254,276,246,573,194,380,268,465,303,206,442,271,322,190,457,331,216,222,298,517,227,293,335,460,239,317,223,265,278,479,268,299,293,358,181,288,295,460,196,404,283,210,441,184,322,246,481,372,205,254,259,370,231,338,331,427,307,231,296,350,252,295,275,177,358,257,252,507,220,280,253,289,433,184,367,315,292,238,301,164,360,212,320,505,250,265,347,379,257,258,224,246,269,373,235,209,347,335,217,312,246,418,218,332,283,187,370,224,287,242,389,246,260,246,249,424,223,281,307,298,347,300,265,319,199,339,222,310,211,222,203,460,177,376,217,436,236,134,356,184,284,198,378,252,195,158,254,407,160,220,294,392,208,300,151,148,251,402,206,238,272,346,134,229,242,433,174,408,190,159,324,124,281,229,396,296,172,223,210,312,204,349,247,404,279,202,259,258,188,260,216,188,275,175,185,429,167,248,194,244,352,177,302,248,228,189,257,170,291,173,231,456,193,181,240,323,235,251,154,192,243,304,177,160,280,281,134,267,222,365,161,291,238,169,315,137,229,197,319,204,211,196,189,336,187,249,169,220,323,207,204,238,148,249,213,254,144,139,155,402,126,255,174,301,214,109,306,202,206,147,292,235,148,133,181,347,137,206,243,339,181,237,143,152,203,378,167,191,209,247,86,272,203,335,164,256,199,120,275,129,189,202,299,273,110,170,174,305,141,214,203,293,235,142,205,258,172,200,142,127,244,152,184,340,153,178,156,185,331,117,238,207,190,118,195,106,262,138,196,351,159,148,224,289,169,157,140,148,164,275,127,119,229,233,115,231,186,276,139,217,211,117,267,148,171,175,262,143,180,157,171,264,171,179,171,366,156,167,162,235,127,235,158,183,149,146,126,353,95,210,147,277,173,79,252,149,157,134,279,194,138,122,161,312,129,135,198,337,144,190,95,107,172,279,139,143,207,233,53,172,196,316,94,279,132,112,195,109,180,171,223,169,124,152,129,237,150,202,128,236,251,152,187,196,132,163,118,112,232,133,148,350,122,144,131,168,249,83,259,195,162,103,163,115,201,103,167,311,116,114,160,240,164,158,110,116,174,220,102,99,213,184,90,188,176,243,107,210,166,98,190,137,165,167,198,124,161,135,118,272,138,185,134,167,199,169,141,172,90,180,147,173,141,106,103,301,88,196,99,256,143,70,207,161,159,111,240,152,107,76,126,283,104,124,163,247,138,167,82,98,158,237,100,116,187,164,64,173,155,254,101,188,112,83,150,81,155,149,225,143,95,125,113,222,114,173,116,153,229,121,144,192,115,132,116,82,225,111,137,337,92,146,104,163,228,82,177,171,123,82,155,87,203,84,138,279,103,85,161,221,142,125,86,102,129,209,106,69,184,139,78,173,124,197,83,162,133,82,197,106,109,135,189,111,162,106,100,226,122,126,116,189,170,126,111,172,105,172,142,125,121,118,87,267,89,175,86,249,120,53,167,114,139,109,218,135,82,78,103,285,96,118,137,222,103,111,61,86,133,253,86,91,150,160,54,147,164,244,89,222,97,93,138,79,129,152,227,103,86,96,95,176,110,155,133,148,228,95,105,162,116,120,100,85,179,87,109,301,94,126,68,161,216,71,137,144,122,69,138,82,155,85,124,276,95,91,123,202,152,113,90,86,129,204,71,68,189,115,61,184,126,206,71,182,121,63,137,108,122,118,204,97,131,84,79,198,113,148,92,169,173,121,93,152,109,145,109,147,123,78,59,261,85,140,75,178,148,75,171,107,105,106,227,111,101,63,89,255,82,115,137,196,134,95,70,89,105,187,90,96,156,137,50,151,144,215,91,172,104,66,128,91,135,119,205,134,87,88,75,206,105,144,109,169,185,81,119,155,92,112,65,84,170,83,116,249,109,91,69,113,211,68,164,150,