{"time":"05.00:00:01","minutes":7200.016602,"events":2118376,"avr_cpm":294.2182105,"data":[0,0,0,0,0,0,0,0,0,0,0,0,0,0,0,0,0,0,0,0,0,0,0,0,0,0,0,0,0,0,0,0,0,0,0,0,0,0,0,0,0,0,0,0,0,0,0,0,0,0,0,0,0,0,0,0,0,0,0,0,0,0,0,0,0,0,0,0,0,0,0,0,0,0,0,0,0,0,0,0,0,0,0,0,0,1,0,0,0,0,0,1,0,0,0,0,0,2,0,1,0,0,1,0,0,4,0,1,2,1,0,1,4,3,0,2,1,3,5,2,3,4,3,4,5,2,4,5,4,4,6,5,5,4,3,9,4,2,3,5,6,8,5,11,7,8,6,10,7,6,16,18,28,15,21,29,14,19,27,46,35,44,32,49,96,121,148,156,198,461,294,154,132,107,107,98,81,83,81,97,103,93,135,197,280,384,209,197,168,140,145,170,155,122,116,147,104,73,109,93,99,81,68,107,77,49,60,69,62,39,36,62,57,24,48,33,61,51,40,52,45,34,44,52,51,40,37,60,67,71,88,105,104,113,80,96,82,70,74,69,68,47,45,55,70,50,53,53,74,84,65,69,82,60,53,73,48,48,47,56,34,44,53,56,32,51,49,56,48,51,49,57,39,55,34,52,47,36,56,52,57,55,72,101,140,152,261,501,676,1148,1345,2306,3153,4668,5547,8573,8627,10440,7021,7783,7454,6171,4747,5894,5644,4813,4816,4872,5256,4138,5542,5249,5058,4907,4014,4761,4553,4127,4027,4968,3936,3842,3381,4574,3381,3536,3914,3826,3616,3859,3163,4505,3665,3482,3649,4122,3962,3307,3651,4000,3701,2935,3985,3170,3916,3457,3095,4191,3574,3210,3570,3771,3755,3603,2961,3547,3296,3535,3244,3498,3329,3787,2720,3336,3713,3559,3111,3818,3661,2971,3307,3396,3534,2782,3637,3094,3298,3267,2789,3566,3341,3178,3113,3444,3232,3109,2678,3683,2766,3083,3015,3650,2577,3353,2481,3804,2809,3280,2909,3752,3168,2542,3152,3225,3001,2270,3544,3028,2838,3040,2588,3601,2896,2789,3056,3807,2674,3250,2388,2940,2865,3158,2744,3065,2841,3169,2332,2819,3102,3183,2593,3153,3281,2501,2951,2882,3060,2289,3259,2988,2626,2875,2483,3169,2745,2893,2693,3353,2839,2617,2691,3233,2559,2666,2932,2375,2914,2655,2395,3411,2722,2519,2765,2825,3277,2313,2755,3013,2684,2067,3087,1930,3158,2527,2397,3397,2658,2349,2906,2995,2597,2847,2308,2618,2690,2727,2460,2606,2798,2926,2098,2709,2803,2925,2469,2824,3088,2217,2728,2563,2727,2112,2949,2426,2590,2603,2264,2918,2440,2436,2543,3799,1952,2519,2262,2985,2015,2584,2378,2838,1802,2646,1919,3144,2022,2779,2232,3296,2177,1835,2809,2459,2568,1669,3047,2404,2234,2329,2219,2974,2173,2271,2418,3342,1769,2745,1798,2146,2203,2766,1998,2432,2169,2773,1676,2055,2364,2846,1859,2960,2130,1945,2302,2011,2463,1870,2576,2247,1915,2334,1783,2520,2051,2434,2026,2659,2365,1994,2070,2600,1766,2001,2122,1808,2053,2150,1778,2715,1869,2134,2117,2175,2304,1628,2193,2297,2009,1567,2412,1455,2221,1947,1747,2767,1717,1767,2105,2379,1721,2123,1636,1877,1897,2234,1818,1760,1965,2175,1455,1889,1935,2198,1654,2146,1958,1439,1996,1876,1971,1532,2040,1666,1693,1831,1568,2089,1618,1922,1729,2049,1673,1687,1547,2029,1262,1967,1630,1911,1234,1843,1303,2383,1275,1924,1438,2144,1630,1233,1914,1645,1718,1106,2102,1603,1316,1579,1458,2141,1311,1604,1650,2185,1287,1714,1281,1383,1448,1965,1312,1591,1450,1827,1076,1392,1588,1999,1176,1912,1452,1165,1723,1261,1694,1161,1729,1533,1144,1494,1259,1738,1213,1598,1331,1549,1743,1245,1284,1736,1126,1352,1460,1047,1382,1389,1110,1924,1091,1365,1399,1337,1674,994,1462,1468,1262,1020,1693,850,1465,1203,1212,1923,1038,1189,1394,1602,1139,1333,1087,1165,1212,1570,1109,1004,1316,1382,1017,1247,1230,1478,1006,1405,1324,918,1447,1110,1324,978,1534,1006,1130,1189,1025,1513,1002,1279,1169,1571,1129,1130,1017,1334,808,1336,1025,1415,800,1258,880,1569,785,1370,932,1596,969,701,1340,969,1143,743,1378,1094,844,985,953,1488,843,1146,1082,1406,891,1143,804,871,917,1329,790,1004,1000,1262,767,916,1042,1449,736,1348,1017,720,1155,820,1116,843,1129,1019,765,1104,804,1054,875,1137,863,1030,1244,833,867,1043,745,979,934,809,898,946,735,1314,705,957,860,1001,1114,651,1044,965,849,716,1066,697,972,801,801,1341,696,909,894,973,920,946,740,733,803,1064,722,785,910,966,619,842,890,1149,656,1039,870,619,944,708,855,748,973,747,719,836,706,1127,664,966,763,1047,740,829,744,951,616,927,748,830,569,782,629,1171,562,1051,620,1032,809,520,987,743,844,574,1077,800,648,688,749,1100,531,843,765,1043,713,803,623,591,754,1014,655,708,751,894,527,756,725,1043,536,939,731,521,848,526,726,549,979,760,622,709,605,893,604,849,674,817,884,579,672,842,557,632,700,479,807,656,637,1058,562,732,647,625,957,523,819,744,715,539,807,376,786,559,641,1006,575,614,726,843,728,670,568,569,626,817,478,461,792,765,509,620,647,851,537,736,702,458,754,550,696,540,818,544,638,617,572,825,562,689,610,848,591,568,588,736,418,737,639,710,470,602,498,1053,395,794,509,941,557,366,881,539,646,394,908,651,459,464,571,931,425,570,682,974,414,647,475,437,569,850,489,555,607,796,363,458,565,845,436,874,490,411,734,384,659,512,736,599,460,556,511,708,488,653,527,966,464,434,526,708,428,587,558,396,626,514,513,914,416,508,544,554,720,364,661,617,532,442,669,364,627,473,514,879,447,529,581,749,493,494,437,466,484,703,466,432,597,582,377,551,495,738,422,675,558,366,647,412,493,449,675,473,517,473,464,696,402,549,471,583,653,485,478,630,345,626,480,590,387,437,350,806,269,655,430,669,534,327,688,438,500,345,703,498,370,361,479,817,334,472,506,752,431,544,372,414,467,705,389,508,472,568,303,531,443,703,339,672,463,301,590,345,495,427,691,494,339,389,381,700,383,583,484,707,492,337,449,585,345,440,401,311,570,383,414,764,383,420,430,440,679,331,572,494,434,366,547,299,588,336,419,783,356,404,535,664,417,485,351,378,451,604,403,335,548,482,299,539,432,661,341,519,491,286,577,361,450,395,555,405,395,399,356,667,349,458,452,535,499,414,396,516,322,523,377,539,321,380,317,809,252,579,344,677,388,213,569,374,418,289,597,467,286,292,391,727,273,402,447,713,357,447,313,291,402,689,347,352,406,522,174,425,474,653,266,599,316,262,513,295,407,371,613,495,299,356,333,596,348,507,380,659,426,291,412,514,354,411,377,328,440,317,331,721,323,411,385,444,542,258,515,424,417,283,437,272,449,339,355,706,314,321,392,517,396,356,299,310,395,568,321,290,459,448,221,498,394,552,286,516,374,249,500,309,414,346,530,373,328,310,309,609,322,390,328,389,564,341,348,476,260,408,335,465,301,276,263,745,218,457,262,510,386,185,460,315,331,262,545,425,285,261,331,639,237,381,413,575,333,358,270,323,353,517,283,326,384,383,200,403,359,561,283,489,366,232,515,239,330,315,553,380,230,288,302,581,269,427,341,591,399,238,325,453,310,314,282,232,468,293,285,656,285,329,274,312,495,215,449,386,363,275,409,211,431,239,348,632,260,249,401,477,321,308,219,290,339,498,263,262,423,374,197,367,388,484,216,392,379,216,463,315,380,321,435,316,300,268,281,543,276,387,368,619,328,285,286,424,231,405,332,357,283,273,208,641,210,428,235,545,328,170,461,241,302,238,513,376,203,197,285,608,218,286,341,578,264,303,194,230,340,591,259,236,402,436,125,315,344,552,208,516,240,196,360,209,324,312,521,347,254,292,228,460,255,441,237,419,451,262,292,458,241,313,248,229,384,242,244,605,236,287,231,333,478,183,392,376,316,216,356,250,369,238,251,630,248,235,329,541,304,290,194,259,321,471,246,217,373,371,181,362,307,472,222,450,311,194,391,255,307,274,456,279,268,254,243,510,240,336,264,362,413,313,282,387,204,381,295,353,246,229,193,633,209,328,214,472,260,190,422,319,281,213,479,358,219,174,267,622,182,305,307,548,293,293,160,245,296,473,217,276,318,346,102,363,308,458,179,434,265,186,356,203,293,281,424,323,216,245,205,524,212,342,223,328,478,235,291,399,242,259,187,229,366,213,263,586,215,248,214,331,463,188,386,340,254,189,286,196,380,229,253,639,218,204,305,475,322,244,179,258,319,443,192,212,442,284,160,369,276,434,194,393,307,178,367,265,290,244,406,268,293,237,208,525,198,285,242,461,372,287,208,357,220,386,232,292,274,204,150,582,176,359,176,497,251,162,354,243,296,168,498,319,210,152,210,597,173,258,274,503,318,279,142,220,289,533,217,250,348,318,110,336,298,607,152,424,253,203,326,193,287,312,481,317,223,214,172,455,244,328,243,360,484,260,274,393,271,305,180,190,363,188,221,593,227,273,178,341,417,165,355,299,277,192,334,207,425,176,280,586,231,197,271,373,378,275,191,256,278,495,212,202,394,274,136,375,265,450,176,422,286,173,347,244,308,276,422,283,281,212,181,499,209,324,224,367,428,259,234,354,216,378,247,319,297,170,161,591,167,333,150,393,341,164,355,264,243,218,495,