{"time":"05.00:00:02","minutes":7200.033203,"events":926858,"avr_cpm":128.7296841,"data":[0,0,0,0,0,0,0,0,0,0,0,0,0,0,0,0,0,0,0,0,0,0,0,0,0,0,0,0,0,0,0,0,0,0,0,0,0,0,0,0,0,0,0,0,0,0,0,0,0,0,0,0,0,0,0,0,0,0,0,0,0,0,0,0,0,0,0,0,0,0,0,0,0,0,0,0,0,0,0,0,0,0,0,0,0,0,0,0,0,0,0,0,0,0,0,0,0,0,0,0,0,0,0,0,0,0,0,0,0,0,0,0,0,0,0,0,0,0,1,1,0,1,0,0,3,0,2,1,3,3,2,2,2,5,7,9,0,6,3,6,1,2,1,2,1,4,2,1,4,6,6,7,11,9,17,17,9,11,15,17,13,11,12,26,34,51,55,77,78,159,110,77,54,29,24,32,37,33,33,40,61,69,112,119,63,60,53,46,62,40,39,44,47,32,22,25,22,21,19,19,22,16,12,27,11,16,10,23,14,13,14,23,11,13,8,17,15,16,8,26,19,23,21,28,25,32,20,37,35,39,36,37,31,34,20,25,11,17,23,13,19,20,22,21,20,8,23,15,29,18,18,20,20,16,24,32,14,16,20,25,10,23,17,18,23,33,13,24,18,18,20,24,11,15,32,20,23,20,25,30,26,20,40,49,58,90,134,258,343,491,522,828,827,1042,1015,1393,1147,1401,1010,1230,1447,1330,1093,1468,1257,1091,1025,1054,1170,946,1318,1257,1105,1165,954,1252,1202,1069,1060,1399,1124,1124,1008,1272,1015,1054,1152,1195,1088,1168,903,1315,1073,1035,1142,1209,1183,982,1053,1198,1088,813,1229,946,1154,1069,964,1377,1126,1023,1129,1173,1147,1173,920,1115,1120,1114,995,1177,1136,1229,864,1063,1155,1219,1006,1212,1244,934,1054,1119,1160,876,1208,1053,1107,1186,955,1311,1153,1177,1069,1273,1151,1121,985,1272,936,1148,1078,1312,961,1232,933,1403,1055,1222,1042,1445,1233,996,1268,1309,1242,854,1381,1162,1184,1138,1057,1379,1103,1101,1220,1489,1020,1255,979,1199,1213,1287,1172,1255,1223,1363,996,1178,1235,1410,1062,1470,1265,1103,1258,1153,1339,984,1393,1245,1153,1256,1061,1386,1252,1256,1191,1454,1269,1222,1182,1336,1132,1227,1303,1167,1366,1201,1054,1556,1218,1182,1261,1217,1404,1089,1245,1398,1303,994,1432,939,1527,1195,1138,1575,1273,1076,1367,1354,1276,1381,1179,1232,1262,1362,1175,1207,1327,1372,1016,1241,1385,1388,1190,1347,1410,1090,1279,1218,1406,996,1456,1189,1266,1242,1145,1440,1177,1246,1237,1850,989,1293,1089,1390,1012,1390,1129,1493,906,1395,968,1616,1025,1371,1058,1616,1203,948,1426,1265,1310,848,1526,1188,1153,1135,1122,1565,1125,1146,1237,1685,896,1392,968,1091,1215,1448,1009,1208,1189,1434,874,1072,1227,1455,923,1546,1064,1001,1192,1041,1288,985,1350,1237,1068,1219,977,1282,1096,1281,1078,1382,1174,1059,1029,1322,907,1112,1174,896,1087,1073,1035,1513,932,1085,1140,1226,1268,823,1130,1258,1069,829,1226,759,1154,1009,934,1402,961,947,1122,1272,972,1159,880,1053,1007,1194,914,870,1108,1123,762,947,1027,1213,856,1261,1111,849,1136,958,1122,795,1227,891,992,1002,914,1158,871,1039,957,1100,855,933,882,1164,742,1100,936,1032,731,1013,785,1282,673,1084,828,1281,920,628,1047,957,1042,621,1201,867,725,830,834,1156,728,874,928,1207,677,1001,759,764,809,1053,721,918,860,1045,625,775,832,1130,665,1050,820,651,893,681,926,644,994,836,664,852,741,984,753,918,823,875,971,721,825,913,610,830,913,641,897,751,703,1139,661,755,751,792,975,575,881,899,794,575,955,521,863,769,718,1065,624,710,770,924,697,732,649,712,745,881,622,584,784,803,622,705,697,930,588,798,785,539,784,650,767,594,876,575,656,750,628,820,632,711,633,899,647,692,588,766,472,768,621,728,473,764,550,917,442,799,548,949,625,406,788,640,687,450,844,655,521,630,571,843,480,599,682,832,531,720,487,487,570,813,459,617,585,775,385,544,580,866,401,813,538,426,625,463,656,510,709,603,473,590,471,658,476,646,497,560,769,515,529,693,417,570,536,472,577,503,433,757,430,584,514,588,635,372,601,549,547,433,625,346,510,474,495,775,404,510,539,576,500,543,399,449,475,625,434,432,492,573,379,522,497,670,386,605,486,344,590,402,538,436,599,432,455,504,389,551,374,518,417,578,425,373,422,545,323,550,406,464,342,432,352,687,306,535,370,593,541,247,559,409,457,316,566,417,358,364,422,609,353,436,440,590,367,451,372,322,423,598,335,371,405,497,268,364,390,595,320,517,432,275,518,277,452,342,530,423,358,375,371,499,305,459,373,491,462,316,423,460,299,411,355,256,455,344,342,521,298,372,372,373,482,246,455,385,355,266,443,231,450,345,352,550,303,291,388,458,364,341,291,286,367,449,282,240,421,401,262,327,364,433,274,356,418,228,419,296,356,330,430,277,359,351,304,460,292,383,328,434,334,310,334,382,230,423,270,387,258,323,268,544,200,412,278,445,316,170,437,282,331,218,485,323,234,239,314,492,251,341,360,536,232,323,251,224,324,504,259,289,325,413,221,268,320,484,210,442,259,210,394,212,353,262,440,325,233,274,262,389,244,374,288,524,211,210,299,347,227,306,304,192,325,276,254,507,234,293,299,277,413,189,368,312,305,222,317,154,348,239,282,435,245,242,328,379,258,260,262,243,290,376,240,217,308,324,189,250,315,378,222,304,318,203,357,213,290,250,337,237,246,231,225,391,195,297,240,318,388,251,238,352,194,279,254,320,187,233,201,484,167,333,222,372,277,160,368,255,265,199,410,287,186,180,252,415,175,247,268,405,210,282,189,207,247,362,218,271,243,297,165,264,240,391,184,303,228,187,355,173,248,243,361,270,181,234,212,337,215,303,238,394,247,193,238,296,203,230,205,172,286,214,229,374,222,225,237,226,345,150,314,290,211,179,280,121,295,166,234,410,223,206,267,328,210,221,179,187,209,337,200,166,251,269,163,267,212,307,204,299,241,149,315,224,248,188,317,192,237,187,196,346,180,242,196,236,267,209,212,248,163,299,201,258,157,166,154,381,141,274,187,350,160,98,321,164,223,145,382,248,140,182,218,369,159,253,246,371,185,211,134,150,199,333,178,210,210,260,98,205,196,321,128,318,146,134,283,115,222,194,289,228,129,197,159,239,161,252,182,309,209,129,207,240,149,220,185,174,215,154,161,365,128,202,167,207,238,114,251,206,227,124,196,117,217,157,186,356,162,153,215,226,192,203,154,152,177,276,159,145,201,187,106,218,179,259,134,239,165,119,220,120,159,158,266,172,178,132,128,241,150,195,168,169,261,155,156,218,134,187,168,196,135,127,116,286,97,221,124,232,187,108,241,137,164,112,253,189,136,112,143,274,120,152,162,259,125,178,128,121,145,248,137,160,149,200,90,181,163,250,132,219,166,107,211,90,156,144,262,183,109,126,118,246,120,192,164,229,181,107,143,188,146,142,113,100,196,122,138,270,132,171,127,139,250,100,187,147,165,114,169,77,170,105,139,279,125,111,176,212,163,146,81,112,157,214,96,86,163,164,82,163,149,219,95,173,192,97,196,108,153,150,202,115,150,104,128,230,118,150,149,249,141,120,116,190,103,183,119,154,113,114,89,282,82,177,115,235,114,73,192,127,122,106,213,130,106,82,127,271,94,126,152,274,95,135,73,95,137,258,103,98,144,146,59,117,110,259,90,215,89,95,169,88,117,123,216,133,99,114,92,189,94,159,107,179,187,96,142,191,95,124,104,88,153,104,109,267,89,113,111,143,170,77,175,151,124,83,130,78,168,71,108,233,86,104,123,200,114,105,93,106,136,191,85,82,146,154,59,130,121,188,83,164,119,71,125,104,118,111,173,113,130,88,88,200,101,141,100,125,163,113,118,127,87,134,90,130,117,87,64,216,81,125,63,169,109,64,150,111,117,82,196,117,95,58,113,195,75,96,113,219,115,109,67,87,111,196,102,78,109,129,39,131,118,200,77,182,83,75,148,63,115,123,175,121,85,73,93,163,77,133,81,120,154,93,104,148,94,115,91,74,146,75,86,244,87,91,78,119,174,67,143,127,100,75,133,74,141,76,116,266,92,75,122,176,113,98,51,94,108,168,76,85,144,127,70,151,111,173,70,127,114,62,150,95,118,72,143,84,100,89,87,190,72,114,97,164,119,100,88,119,61,149,91,120,90,79,48,189,69,142,68,165,106,44,123,90,98,78,186,120,71,50,85,227,78,108,123,189,102,90,60,70,115,167,83,82,113,115,39,102,121,183,52,140,78,54,128,64,109,104,167,118,80,83,60,149,77,151,83,128,152,79,88,126,88,109,70,66,142,74,89,217,74,104,59,105,154,59,121,112,87,61,121,76,122,80,94,196,86,64,102,145,131,99,52,83,117,141,73,65,132,106,45,118,98,150,71,152,106,56,106,74,119,97,123,73,89,65,59,152,71,109,71,144,143,71,83,124,54,135,93,116,97,67,44,204,55,115,58,150,109,56,123,88,109,61,140,88,71,49,86,181,61,86,101,149,114,80,47,69,100,157,60,78,115,101,35,129,107,146,52,134,84,45,98,63,85,100,132,84,67,64,59,150,82,100,68,127,146,57,73,94,101,76,56,59,140,49,66,194,59,72,47,77,172,48,133,111,80,49,96,56,127,63,93,188,75,55,85,121,110,62,44,77,102,135,48,49,135,73,49,113,103,143,37,114,120,48,113,70,83,68,136,70,96,58,61,128,74,88,73,100,136,84,77,99,81,97,68,75,78,57,47,176,59,115,40,157,83,42,121,82,73,55,154,114,69,35,54,180,